id	first_name	last_name	email	gender	ip_address
1	Amelina	Worsnop	aworsnop0@dmoz.org	Bigender	114.115.73.208
2	Cornall	Keyte	ckeyte1@wsj.com	Non-binary	125.58.101.107
3	Stanislaus	Viveash	sviveash2@addtoany.com	Bigender	153.142.28.117
4	Jae	Apfelmann	japfelmann3@irs.gov	Genderqueer	135.229.134.33
5	Sholom	Hefner	shefner4@businessweek.com	Male	161.172.180.55
6	Maureene	Cartmer	mcartmer5@ted.com	Male	98.0.183.14
7	Olly	Fitter	ofitter6@vk.com	Female	104.115.204.167
8	Charil	Jerromes	cjerromes7@ucoz.com	Genderqueer	151.253.53.116
9	Opalina	MacWilliam	omacwilliam8@cbsnews.com	Male	142.239.190.14
10	Hedwig	Kopecka	hkopecka9@tinyurl.com	Polygender	55.103.3.200
11	Gerty	Novakovic	gnovakovica@tumblr.com	Genderfluid	252.210.91.139
12	Boone	Wallbank	bwallbankb@icq.com	Genderfluid	95.53.241.208
13	Barclay	Jamrowicz	bjamrowiczc@woothemes.com	Polygender	61.52.45.238
14	Randy	Ewenson	rewensond@sun.com	Male	78.165.5.104
15	Tome	Hyndley	thyndleye@deviantart.com	Agender	225.72.102.99
16	Demetra	Bare	dbaref@qq.com	Bigender	181.223.200.29
17	Siffre	Henkens	shenkensg@ca.gov	Non-binary	251.165.30.76
18	Dick	Peacher	dpeacherh@elpais.com	Female	106.198.105.56
19	Ilise	Vermer	ivermeri@si.edu	Male	230.177.119.149
20	Arnold	Tressler	atresslerj@ftc.gov	Genderfluid	14.198.156.143
21	Rees	Westmancoat	rwestmancoatk@wunderground.com	Bigender	134.94.48.162
22	Sawyer	Saffrin	ssaffrinl@yolasite.com	Agender	94.244.89.24
23	Suellen	Sillitoe	ssillitoem@irs.gov	Genderfluid	127.237.174.161
24	Yard	Duguid	yduguidn@reverbnation.com	Genderqueer	111.3.54.93
25	Dmitri	Nussen	dnusseno@skype.com	Genderqueer	114.117.194.200
26	Raffaello	Schade	rschadep@printfriendly.com	Genderqueer	182.33.31.75
27	Rodolph	Pye	rpyeq@devhub.com	Genderfluid	76.200.242.153
28	Jenifer	Koopman	jkoopmanr@ed.gov	Male	161.169.164.56
29	Rudolf	Roswarne	rroswarnes@ebay.com	Non-binary	235.174.180.42
30	Arabel	Diviney	adivineyt@soup.io	Male	105.163.100.203
31	Celka	Stockney	cstockneyu@qq.com	Female	242.248.20.29
32	Sabina	Cuchey	scucheyv@buzzfeed.com	Female	101.200.127.211
33	Jule	Sleep	jsleepw@wiley.com	Genderfluid	65.111.245.223
34	Fifi	Mardy	fmardyx@howstuffworks.com	Genderfluid	44.209.142.209
35	Archy	Cunah	acunahy@comcast.net	Polygender	29.159.170.164
36	Jacinda	Pahl	jpahlz@cyberchimps.com	Polygender	193.134.84.154
37	Lindi	O' Faherty	lofaherty10@hp.com	Male	173.72.70.153
38	Sullivan	Van der Velde	svandervelde11@scientificamerican.com	Non-binary	91.230.218.189
39	Verine	Lind	vlind12@ibm.com	Non-binary	37.157.107.80
40	Vernice	Nason	vnason13@constantcontact.com	Genderfluid	217.144.192.140
41	Dunstan	Langley	dlangley14@taobao.com	Bigender	130.21.198.11
42	Aldin	Ganderton	aganderton15@tripod.com	Female	158.27.182.133
43	Jinny	Noye	jnoye16@yale.edu	Agender	161.111.107.71
44	Trescha	Dobie	tdobie17@indiegogo.com	Agender	197.176.29.18
45	Bo	Maffiotti	bmaffiotti18@github.com	Female	6.159.62.50
46	Michelina	Sowden	msowden19@arstechnica.com	Female	225.51.22.234
47	Stephine	Conford	sconford1a@devhub.com	Genderfluid	66.68.222.96
48	Herta	Mistry	hmistry1b@lycos.com	Genderfluid	157.130.222.157
49	Geoffry	Rasp	grasp1c@utexas.edu	Polygender	67.140.190.147
50	Shayne	Noteyoung	snoteyoung1d@slideshare.net	Non-binary	65.129.57.176
51	Broddie	Trevains	btrevains1e@list-manage.com	Male	238.227.1.84
52	Frannie	Tinkler	ftinkler1f@npr.org	Agender	213.110.233.252
53	Cassandre	MacKim	cmackim1g@infoseek.co.jp	Genderqueer	140.106.218.148
54	Dorthea	Killock	dkillock1h@patch.com	Genderfluid	119.119.4.95
55	Sada	Caltun	scaltun1i@issuu.com	Agender	206.109.247.208
56	Rafaela	Dzenisenka	rdzenisenka1j@facebook.com	Genderfluid	122.36.98.174
57	Tades	Strut	tstrut1k@cyberchimps.com	Female	190.0.56.37
58	Bastien	Lindell	blindell1l@etsy.com	Polygender	138.135.76.225
59	Rachelle	Eve	reve1m@hatena.ne.jp	Genderqueer	136.13.186.203
60	Nadeen	Creedland	ncreedland1n@prnewswire.com	Bigender	238.252.126.200
61	Angy	Rogliero	arogliero1o@gnu.org	Male	210.81.94.89
62	Mayer	Gates	mgates1p@oaic.gov.au	Polygender	22.74.254.33
63	Hi	Withey	hwithey1q@washington.edu	Polygender	72.87.70.47
64	Helaina	Greiser	hgreiser1r@mozilla.com	Male	108.22.173.37
65	Tiena	Cloonan	tcloonan1s@shareasale.com	Genderfluid	116.107.128.81
66	Godard	Schulke	gschulke1t@latimes.com	Genderqueer	21.10.113.138
67	Karol	Leedal	kleedal1u@theatlantic.com	Male	81.19.156.173
68	Kristin	Braithwaite	kbraithwaite1v@constantcontact.com	Polygender	5.54.63.146
69	Herminia	Scandwright	hscandwright1w@arstechnica.com	Bigender	146.82.14.117
70	David	Burfield	dburfield1x@ibm.com	Genderqueer	65.243.137.9
71	Alexander	McIver	amciver1y@tumblr.com	Non-binary	220.227.130.174
72	Giorgio	Gozney	ggozney1z@digg.com	Genderqueer	207.12.210.168
73	Uri	Rodbourne	urodbourne20@rediff.com	Genderfluid	12.100.29.83
74	Ernst	Forgan	eforgan21@barnesandnoble.com	Female	160.92.86.185
75	Paquito	Porson	pporson22@oracle.com	Female	245.249.151.240
76	Sandy	Nijs	snijs23@boston.com	Genderfluid	55.75.189.150
77	Julienne	Jezard	jjezard24@mysql.com	Female	46.221.94.220
78	Shelby	Benza	sbenza25@cbc.ca	Non-binary	63.180.18.139
79	Elka	Scrange	escrange26@google.com	Male	107.78.122.201
80	Allayne	Trahar	atrahar27@photobucket.com	Polygender	225.0.211.24
81	Tommy	Free	tfree28@boston.com	Male	46.3.150.60
82	Gaby	Crosfield	gcrosfield29@nytimes.com	Non-binary	24.181.116.55
83	Fields	Goodbur	fgoodbur2a@smh.com.au	Polygender	60.96.151.44
84	Cchaddie	Rossander	crossander2b@indiegogo.com	Non-binary	236.49.131.54
85	Norine	Liddall	nliddall2c@homestead.com	Polygender	238.65.185.249
86	Vivianne	Greenacre	vgreenacre2d@arizona.edu	Non-binary	168.211.99.23
87	Jacquetta	Dranfield	jdranfield2e@tumblr.com	Genderqueer	183.66.175.196
88	Aubry	Sleet	asleet2f@reddit.com	Agender	252.238.171.89
89	Mandy	Bearns	mbearns2g@toplist.cz	Agender	247.136.73.64
90	Emiline	Sorton	esorton2h@netscape.com	Non-binary	175.52.198.43
91	Kassie	Shills	kshills2i@vistaprint.com	Genderqueer	194.115.120.226
92	Elden	Lyman	elyman2j@amazon.co.uk	Agender	174.51.226.186
93	Todd	Sygroves	tsygroves2k@deviantart.com	Genderfluid	215.198.186.195
94	Hymie	Saines	hsaines2l@woothemes.com	Agender	172.178.200.51
95	See	O'Hannen	sohannen2m@mapquest.com	Female	178.134.142.203
96	Kingsly	Crayk	kcrayk2n@dailymotion.com	Polygender	231.208.186.150
97	Kaylee	Shearn	kshearn2o@marriott.com	Non-binary	139.142.243.104
98	Salvidor	Blabey	sblabey2p@wunderground.com	Agender	119.255.9.134
99	Marylou	Colquitt	mcolquitt2q@mayoclinic.com	Female	169.179.55.190
100	Earlie	Feldmann	efeldmann2r@about.me	Female	101.242.223.88
101	Brantley	Raisbeck	braisbeck2s@senate.gov	Male	22.50.141.226
102	Diane	Puvia	dpuvia2t@eventbrite.com	Genderfluid	98.45.98.79
103	Lenette	Parsons	lparsons2u@shop-pro.jp	Male	86.42.28.113
104	Gael	Pagelsen	gpagelsen2v@nasa.gov	Genderfluid	151.250.79.67
105	Pamela	Yorath	pyorath2w@ycombinator.com	Bigender	194.40.248.83
106	Ginelle	Verrall	gverrall2x@umn.edu	Female	140.21.96.114
107	Tova	de Werk	tdewerk2y@google.es	Non-binary	32.250.109.180
108	Fee	Petschel	fpetschel2z@ocn.ne.jp	Female	2.182.205.220
109	Delinda	Oloman	doloman30@columbia.edu	Male	217.232.81.111
110	Jim	Guyers	jguyers31@t.co	Genderqueer	156.4.55.117
111	Donalt	Byass	dbyass32@arstechnica.com	Male	73.116.37.210
112	Dud	Gerrett	dgerrett33@linkedin.com	Polygender	127.158.220.200
113	Lucienne	Conkey	lconkey34@yandex.ru	Bigender	196.141.143.161
114	Ludwig	Samart	lsamart35@meetup.com	Non-binary	73.95.209.222
115	Kacy	Craufurd	kcraufurd36@nasa.gov	Female	22.241.49.54
116	Nonah	Swales	nswales37@tinyurl.com	Agender	0.47.91.65
117	Skye	Danelet	sdanelet38@yellowpages.com	Non-binary	143.244.19.190
118	Darcie	Bilbrooke	dbilbrooke39@google.de	Agender	54.175.44.46
119	Brina	Corstorphine	bcorstorphine3a@yahoo.co.jp	Non-binary	133.165.69.70
120	Shamus	Eilhart	seilhart3b@123-reg.co.uk	Non-binary	165.22.66.4
121	Kaitlin	Haveline	khaveline3c@prlog.org	Bigender	150.142.5.208
122	Janene	Cuzen	jcuzen3d@amazon.de	Agender	164.52.156.198
123	Nevile	Carmo	ncarmo3e@marketwatch.com	Genderqueer	77.192.96.99
124	Stella	Nuemann	snuemann3f@friendfeed.com	Male	134.76.207.86
125	Rich	Brackpool	rbrackpool3g@friendfeed.com	Agender	143.7.1.87
126	Lonni	Beadel	lbeadel3h@squarespace.com	Non-binary	254.22.175.67
127	Rasla	Menendes	rmenendes3i@jalbum.net	Agender	101.232.45.47
128	Tito	Tumini	ttumini3j@princeton.edu	Non-binary	182.137.246.133
129	Giralda	Hawksley	ghawksley3k@irs.gov	Genderfluid	252.106.244.228
130	Carmita	Eberdt	ceberdt3l@mozilla.org	Polygender	57.140.63.153
131	Clarance	Vedeshkin	cvedeshkin3m@cafepress.com	Male	98.148.211.166
132	Fancy	Grivori	fgrivori3n@oracle.com	Non-binary	173.250.196.145
133	Glynnis	Messom	gmessom3o@technorati.com	Male	243.95.254.177
134	Dulci	Realph	drealph3p@delicious.com	Non-binary	12.205.124.151
135	Gilli	Ellsbury	gellsbury3q@webnode.com	Female	158.68.116.115
136	Joell	Dowrey	jdowrey3r@patch.com	Polygender	71.141.5.152
137	Colette	Jelleman	cjelleman3s@indiegogo.com	Genderqueer	70.224.108.218
138	Farleigh	Redmore	fredmore3t@admin.ch	Polygender	95.138.126.85
139	Clotilda	Hildrew	childrew3u@furl.net	Male	166.221.149.53
140	Dallas	Erasmus	derasmus3v@fda.gov	Genderfluid	97.231.215.116
141	Nick	Thexton	nthexton3w@sciencedirect.com	Male	20.168.1.146
142	Gianni	Planke	gplanke3x@merriam-webster.com	Male	109.64.114.86
143	Trueman	MacSherry	tmacsherry3y@ustream.tv	Female	47.8.92.95
144	Feliks	Bunworth	fbunworth3z@oracle.com	Non-binary	199.173.173.1
145	Corrianne	Wainscot	cwainscot40@istockphoto.com	Non-binary	153.216.32.111
146	Sabra	Wyper	swyper41@csmonitor.com	Genderqueer	165.103.19.4
147	Selena	Peppard	speppard42@miitbeian.gov.cn	Polygender	218.173.146.255
148	Harmony	Adamides	hadamides43@ocn.ne.jp	Agender	141.51.240.184
149	Catharine	Lang	clang44@uiuc.edu	Male	111.6.204.54
150	Mort	Lamprey	mlamprey45@uiuc.edu	Female	131.207.61.252
151	Leonie	Ardy	lardy46@weibo.com	Female	88.19.128.94
152	Gwenneth	Hargitt	ghargitt47@cnn.com	Genderqueer	55.80.240.246
153	Johny	Muck	jmuck48@youtu.be	Non-binary	27.20.204.147
154	Minny	Heaps	mheaps49@whitehouse.gov	Male	153.31.222.37
155	Othella	Fishburn	ofishburn4a@theguardian.com	Non-binary	84.174.53.84
156	Darb	Pallent	dpallent4b@ucoz.com	Genderqueer	134.57.240.188
157	Osbourn	Dunbar	odunbar4c@addtoany.com	Bigender	105.142.85.27
158	Layla	Gaggen	lgaggen4d@jigsy.com	Genderfluid	46.168.252.200
159	Celle	Faires	cfaires4e@homestead.com	Female	254.131.204.155
160	Valeda	Deek	vdeek4f@google.de	Bigender	235.245.190.60
161	Tedd	Elnor	telnor4g@discuz.net	Genderqueer	71.167.73.62
162	Odille	Enrico	oenrico4h@npr.org	Polygender	113.201.140.39
163	Yelena	Rogez	yrogez4i@macromedia.com	Agender	141.16.173.61
164	Joanie	Itzcak	jitzcak4j@imdb.com	Genderfluid	0.124.222.83
165	King	Bolitho	kbolitho4k@privacy.gov.au	Genderfluid	21.190.26.148
166	Maitilde	Glasscock	mglasscock4l@ihg.com	Female	47.226.163.30
167	Nara	Maber	nmaber4m@nps.gov	Genderfluid	146.154.173.202
168	Lani	Iacavone	liacavone4n@about.com	Agender	57.118.194.231
169	Gusty	Cockerill	gcockerill4o@apache.org	Polygender	60.253.8.87
170	Silvan	Guisby	sguisby4p@amazon.co.uk	Female	185.208.38.241
171	Merline	Tewnion	mtewnion4q@joomla.org	Female	45.233.9.210
172	Jennica	Wornham	jwornham4r@irs.gov	Male	110.90.151.47
173	Rivi	Dresche	rdresche4s@salon.com	Polygender	127.88.8.51
174	Bink	Attree	battree4t@mozilla.org	Polygender	157.26.3.46
175	Jacques	Rummer	jrummer4u@oaic.gov.au	Polygender	56.50.97.36
176	Elfie	Rossin	erossin4v@icio.us	Polygender	108.168.61.104
177	Chrotoem	Fyfield	cfyfield4w@behance.net	Male	240.88.94.179
178	Cyrus	Tyler	ctyler4x@jimdo.com	Female	184.71.179.227
179	Hailey	Grzelewski	hgrzelewski4y@gravatar.com	Male	207.56.205.187
180	Charlie	Sings	csings4z@wp.com	Agender	14.56.27.145
181	Beatrice	Monroe	bmonroe50@soundcloud.com	Bigender	82.199.251.225
182	Georgena	Main	gmain51@globo.com	Agender	17.127.45.148
183	Isak	Bennellick	ibennellick52@npr.org	Polygender	113.37.143.74
184	Mal	Loade	mloade53@ifeng.com	Bigender	114.164.220.227
185	Jerrylee	Jellard	jjellard54@eepurl.com	Non-binary	131.156.171.249
186	Demetre	Pottes	dpottes55@reference.com	Agender	30.116.195.104
187	Melesa	Shinefield	mshinefield56@globo.com	Male	116.31.89.23
188	Reggie	Baccup	rbaccup57@sogou.com	Non-binary	161.89.107.198
189	Abran	Combes	acombes58@uol.com.br	Polygender	159.225.28.177
190	Marcile	Dorrance	mdorrance59@diigo.com	Bigender	211.211.191.108
191	Leyla	Renals	lrenals5a@hp.com	Bigender	224.65.89.73
192	Maren	Siney	msiney5b@prnewswire.com	Genderqueer	33.21.172.123
193	Jamie	Vaan	jvaan5c@disqus.com	Female	152.98.242.16
194	Walker	Speake	wspeake5d@instagram.com	Agender	225.199.251.83
195	Baldwin	Powton	bpowton5e@ca.gov	Male	240.69.52.6
196	Gillan	Vigne	gvigne5f@jigsy.com	Genderfluid	192.156.246.25
197	Sullivan	Goodinge	sgoodinge5g@surveymonkey.com	Male	228.193.253.102
198	Philis	Follos	pfollos5h@state.gov	Non-binary	188.22.75.220
199	Hermann	Pilmore	hpilmore5i@bandcamp.com	Genderfluid	147.180.52.38
200	Mellicent	Frigout	mfrigout5j@1688.com	Agender	241.44.73.136
201	Anjanette	Tenpenny	atenpenny5k@discuz.net	Male	11.229.248.202
202	Carri	Riche	criche5l@xing.com	Genderqueer	74.151.21.139
203	Sonni	Flexman	sflexman5m@bloomberg.com	Bigender	226.11.17.203
204	Zia	Klehyn	zklehyn5n@youtu.be	Agender	247.239.77.178
205	Adelaida	Beddin	abeddin5o@bigcartel.com	Agender	76.163.3.203
206	Flint	Thurgood	fthurgood5p@mlb.com	Agender	120.141.0.7
207	Rowney	Lyddyard	rlyddyard5q@zimbio.com	Male	78.227.212.11
208	Wren	Attoe	wattoe5r@java.com	Bigender	249.156.20.3
209	Carlita	Mattack	cmattack5s@princeton.edu	Genderfluid	118.168.172.46
210	Elvira	McKea	emckea5t@latimes.com	Polygender	99.21.248.34
211	Merwyn	Oldridge	moldridge5u@google.com	Bigender	135.156.221.248
212	Giffer	Digweed	gdigweed5v@dedecms.com	Genderqueer	26.48.220.103
213	Loreen	Staynes	lstaynes5w@feedburner.com	Female	108.191.35.160
214	Colleen	Chislett	cchislett5x@bloglines.com	Female	44.226.174.233
215	Aleksandr	Menhci	amenhci5y@tamu.edu	Polygender	87.203.91.118
216	Jennine	Wadham	jwadham5z@engadget.com	Bigender	255.134.32.61
217	Timmy	Arrighi	tarrighi60@rakuten.co.jp	Bigender	59.171.190.246
218	Prescott	O'Dogherty	podogherty61@mac.com	Agender	219.122.53.110
219	Sayres	Darbyshire	sdarbyshire62@51.la	Agender	225.224.62.40
220	Annadiane	Stonehouse	astonehouse63@nbcnews.com	Agender	115.98.143.71
221	Loleta	Suddell	lsuddell64@ameblo.jp	Agender	240.59.83.88
222	Liane	Emanuelli	lemanuelli65@reuters.com	Genderqueer	150.21.197.169
223	Hyatt	Meltetal	hmeltetal66@fastcompany.com	Non-binary	86.203.193.3
224	Kiel	Beretta	kberetta67@java.com	Agender	158.211.191.96
225	Hildagarde	Ravenshear	hravenshear68@people.com.cn	Genderqueer	193.144.123.111
226	Cross	Ishaki	cishaki69@noaa.gov	Agender	73.169.241.204
227	Selina	Daoust	sdaoust6a@nature.com	Bigender	62.68.39.35
228	Angie	Newvill	anewvill6b@ucoz.ru	Genderfluid	42.254.63.69
229	Monah	Eady	meady6c@alibaba.com	Polygender	163.157.147.171
230	Joyan	Jackson	jjackson6d@nature.com	Agender	171.123.53.229
231	Rennie	Bredee	rbredee6e@ed.gov	Genderfluid	213.236.230.97
232	Emiline	Pentlow	epentlow6f@reverbnation.com	Agender	145.71.146.125
233	Egon	Simonel	esimonel6g@studiopress.com	Non-binary	84.97.75.95
234	Johny	Dentith	jdentith6h@scribd.com	Non-binary	65.24.143.161
235	Homerus	Reboul	hreboul6i@gmpg.org	Non-binary	227.37.199.186
236	Nicol	Chidgey	nchidgey6j@unc.edu	Genderfluid	158.146.22.125
237	Jobye	O' Dooley	jodooley6k@seattletimes.com	Polygender	79.123.185.80
238	Wayland	Tommis	wtommis6l@abc.net.au	Genderfluid	5.225.118.173
239	Stace	Mateescu	smateescu6m@psu.edu	Non-binary	234.33.83.162
240	Janos	Boecke	jboecke6n@ifeng.com	Non-binary	53.151.174.59
241	Ruperta	Huckle	rhuckle6o@odnoklassniki.ru	Bigender	20.81.223.193
242	Anna-diana	Stinchcombe	astinchcombe6p@ft.com	Genderfluid	80.58.217.192
243	Anna	D'Alwis	adalwis6q@barnesandnoble.com	Agender	58.136.97.14
244	Marcie	Demead	mdemead6r@smh.com.au	Female	13.34.212.74
245	David	Stradling	dstradling6s@oakley.com	Non-binary	19.97.129.63
246	Tally	Crebo	tcrebo6t@shinystat.com	Bigender	145.113.132.210
247	Karla	Gladden	kgladden6u@google.com.au	Genderqueer	86.226.27.25
248	Heall	Timson	htimson6v@google.co.jp	Female	166.115.235.151
249	Hetty	Ibbitson	hibbitson6w@hp.com	Bigender	214.147.154.199
250	Lockwood	Seakes	lseakes6x@tripadvisor.com	Female	0.193.67.106
251	Sella	Pigram	spigram6y@bloglovin.com	Male	71.247.29.11
252	Arel	Lowsely	alowsely6z@europa.eu	Genderqueer	157.96.181.64
253	Lothario	Crisell	lcrisell70@wordpress.com	Genderqueer	109.44.226.207
254	Jessamine	Garrattley	jgarrattley71@phpbb.com	Genderfluid	95.88.14.148
255	Tracee	Felmingham	tfelmingham72@sun.com	Agender	7.19.101.241
256	Mill	Godar	mgodar73@macromedia.com	Non-binary	51.158.27.255
257	Linea	Summersett	lsummersett74@mac.com	Female	216.38.61.159
258	Idelle	Brunt	ibrunt75@qq.com	Genderfluid	242.9.92.238
259	Micheil	Woodhams	mwoodhams76@bigcartel.com	Female	8.107.201.225
260	Joelie	Levitt	jlevitt77@paypal.com	Bigender	245.188.113.153
261	Stacie	Poyzer	spoyzer78@ustream.tv	Genderqueer	12.97.178.55
262	Constantine	Awdry	cawdry79@house.gov	Male	25.158.214.89
263	Florette	Leschelle	fleschelle7a@opensource.org	Bigender	151.195.129.89
264	Rhodia	Sinnat	rsinnat7b@latimes.com	Genderfluid	10.70.120.97
265	Jillian	Battrick	jbattrick7c@php.net	Agender	201.92.240.214
266	Willem	Loudian	wloudian7d@pagesperso-orange.fr	Polygender	123.162.191.108
267	Waylan	Ellsworthe	wellsworthe7e@guardian.co.uk	Agender	151.136.230.149
268	Rani	Orteaux	rorteaux7f@netvibes.com	Male	114.98.197.168
269	Cassie	Hyland	chyland7g@ebay.co.uk	Non-binary	231.137.63.205
270	Beverlee	Klemt	bklemt7h@hubpages.com	Genderqueer	161.149.18.125
271	Aarika	Colson	acolson7i@wired.com	Genderqueer	174.221.199.214
272	Theresa	Belk	tbelk7j@wufoo.com	Female	221.79.118.139
273	Henriette	Very	hvery7k@globo.com	Genderfluid	108.130.200.52
274	Any	Doudny	adoudny7l@uiuc.edu	Genderqueer	16.249.187.128
275	Hermann	Sallinger	hsallinger7m@godaddy.com	Genderfluid	253.140.242.51
276	Dede	Tasch	dtasch7n@hubpages.com	Genderfluid	58.215.132.198
277	Leonard	Marages	lmarages7o@goo.gl	Male	191.204.226.52
278	Cyb	Ashmole	cashmole7p@springer.com	Non-binary	238.243.71.222
279	Kylie	Earengey	kearengey7q@altervista.org	Bigender	252.115.110.5
280	Kaycee	Lamputt	klamputt7r@shop-pro.jp	Bigender	3.45.161.67
281	Raine	Skough	rskough7s@fema.gov	Genderqueer	16.65.79.215
282	Bevvy	Dearnly	bdearnly7t@springer.com	Genderqueer	5.62.243.82
283	Sloan	Sinnott	ssinnott7u@free.fr	Male	36.41.44.80
284	Cyrillus	Brundall	cbrundall7v@mashable.com	Genderqueer	25.214.189.39
285	Anitra	Guildford	aguildford7w@usgs.gov	Polygender	34.132.232.66
286	Lazar	Rooke	lrooke7x@yandex.ru	Polygender	212.212.23.205
287	Nalani	Sushams	nsushams7y@msn.com	Genderfluid	70.1.28.217
288	Faulkner	Tackle	ftackle7z@people.com.cn	Genderqueer	237.178.133.71
289	Benoit	Harnell	bharnell80@geocities.jp	Agender	246.251.9.174
290	Haze	Currie	hcurrie81@mayoclinic.com	Bigender	31.224.31.116
291	Jeanie	Constantinou	jconstantinou82@blogspot.com	Genderqueer	27.240.97.180
292	Hanna	Dymoke	hdymoke83@bigcartel.com	Genderfluid	230.25.7.182
293	Val	Simmig	vsimmig84@wufoo.com	Female	80.165.182.157
294	Walliw	Rishworth	wrishworth85@yahoo.com	Bigender	70.148.106.251
295	Rubetta	Brixey	rbrixey86@parallels.com	Bigender	56.40.44.167
296	Barris	Meaden	bmeaden87@fema.gov	Genderqueer	32.21.74.42
297	Coraline	Neumann	cneumann88@gmpg.org	Genderqueer	0.164.100.244
298	Kore	Lepope	klepope89@cisco.com	Bigender	29.188.110.170
299	Eda	Sneesby	esneesby8a@51.la	Polygender	19.73.185.37
300	August	Laurentino	alaurentino8b@edublogs.org	Genderqueer	113.245.137.49
301	Dilan	Beazley	dbeazley8c@yale.edu	Non-binary	65.224.214.240
302	Giffy	Sayle	gsayle8d@shinystat.com	Non-binary	22.224.206.149
303	Corinna	Horsley	chorsley8e@tinypic.com	Polygender	18.183.79.53
304	Othelia	Burton	oburton8f@discuz.net	Non-binary	115.28.104.236
305	Clarice	Cathcart	ccathcart8g@oaic.gov.au	Male	217.208.6.104
306	Fayre	Edmeades	fedmeades8h@clickbank.net	Non-binary	209.118.0.164
307	Winna	Staniland	wstaniland8i@blog.com	Male	152.23.84.244
308	Deborah	Sporton	dsporton8j@skype.com	Genderqueer	182.153.192.254
309	Merry	Gogan	mgogan8k@usatoday.com	Polygender	101.20.49.240
310	Gloria	Argue	gargue8l@tumblr.com	Female	65.156.210.33
311	Armin	Fendt	afendt8m@wp.com	Agender	58.38.246.6
312	Brendon	Rixon	brixon8n@hexun.com	Polygender	201.150.224.86
313	Aldon	Verrick	averrick8o@homestead.com	Female	190.89.223.67
314	Geri	Shrawley	gshrawley8p@sciencedirect.com	Non-binary	148.181.90.114
315	Erhart	Nazer	enazer8q@sbwire.com	Non-binary	248.11.136.19
316	Ethan	Durand	edurand8r@joomla.org	Male	160.82.23.107
317	Loleta	Masser	lmasser8s@google.ca	Female	105.141.210.233
318	Carmel	Grombridge	cgrombridge8t@aol.com	Agender	30.111.95.227
319	Garfield	Mettricke	gmettricke8u@bbb.org	Agender	235.252.172.146
320	Nedi	Lambird	nlambird8v@loc.gov	Agender	70.240.29.8
321	Arlee	Birchall	abirchall8w@youtube.com	Female	168.186.237.141
322	Devon	Reekie	dreekie8x@elegantthemes.com	Female	27.107.248.167
323	Cicily	Edwicker	cedwicker8y@ox.ac.uk	Agender	187.180.57.229
324	Lyndsie	Roycroft	lroycroft8z@infoseek.co.jp	Female	230.169.40.178
325	Jemima	Zarb	jzarb90@domainmarket.com	Genderqueer	182.165.234.207
326	Heddi	Wiles	hwiles91@163.com	Male	219.173.217.202
327	Herschel	Peevor	hpeevor92@google.com.hk	Female	221.104.2.253
328	Delcina	Baudet	dbaudet93@msu.edu	Non-binary	40.116.214.143
329	Jemimah	Humes	jhumes94@java.com	Non-binary	202.97.2.91
330	Evelin	Ragbourne	eragbourne95@youtube.com	Bigender	121.178.224.226
331	Patrice	Davidowich	pdavidowich96@aol.com	Polygender	140.7.44.218
332	Kimberlee	Melross	kmelross97@blogspot.com	Genderqueer	45.208.56.181
333	Mildrid	Dearman	mdearman98@admin.ch	Genderfluid	50.120.182.44
334	Ginnifer	Hellmore	ghellmore99@slashdot.org	Female	9.129.117.247
335	Sheena	Leithgoe	sleithgoe9a@fc2.com	Male	84.181.43.163
336	Claudie	Vamplus	cvamplus9b@blogger.com	Genderfluid	215.203.112.54
337	Karena	Davenhall	kdavenhall9c@samsung.com	Polygender	17.189.58.66
338	Jennilee	Beldum	jbeldum9d@discovery.com	Genderqueer	239.39.232.58
339	Susann	Roseborough	sroseborough9e@flickr.com	Genderfluid	251.156.26.166
340	Moritz	Hosten	mhosten9f@bbb.org	Bigender	98.216.90.79
341	Kristel	Girton	kgirton9g@tuttocitta.it	Male	72.232.103.24
342	Ethel	Mantrip	emantrip9h@ebay.co.uk	Agender	209.53.242.57
343	Lynsey	Trusler	ltrusler9i@sina.com.cn	Agender	47.29.65.83
344	Tabbie	de Wilde	tdewilde9j@ibm.com	Agender	215.197.227.28
345	Lula	McNiff	lmcniff9k@lycos.com	Genderqueer	208.189.173.30
346	Aundrea	Gremain	agremain9l@symantec.com	Bigender	140.188.152.129
347	Allis	Birbeck	abirbeck9m@pagesperso-orange.fr	Male	221.200.111.234
348	Gwendolyn	Madsen	gmadsen9n@stumbleupon.com	Male	159.64.9.246
349	Maxie	Tayloe	mtayloe9o@woothemes.com	Genderfluid	130.155.143.181
350	Morie	Blanden	mblanden9p@nbcnews.com	Non-binary	192.216.214.88
351	Annelise	Huffy	ahuffy9q@theglobeandmail.com	Genderqueer	7.129.17.30
352	Bartolomeo	Opfer	bopfer9r@g.co	Polygender	164.6.253.110
353	Lexine	Yedall	lyedall9s@newyorker.com	Bigender	251.107.170.113
354	Hershel	Jozsika	hjozsika9t@utexas.edu	Female	100.132.53.53
355	Averell	Hailes	ahailes9u@pinterest.com	Non-binary	253.115.69.41
356	Doralynne	Kitcher	dkitcher9v@cafepress.com	Polygender	224.3.11.121
357	Ambrosius	Wiffill	awiffill9w@paginegialle.it	Non-binary	76.9.225.75
358	Kore	Armall	karmall9x@redcross.org	Non-binary	87.173.201.157
359	Curt	Moxon	cmoxon9y@nps.gov	Female	226.1.128.164
360	Crissie	Portwain	cportwain9z@diigo.com	Polygender	203.179.37.176
361	Marlo	Aspinall	maspinalla0@xing.com	Polygender	8.24.77.228
362	Thorn	Davidofski	tdavidofskia1@google.cn	Non-binary	70.143.30.38
363	Charil	Garric	cgarrica2@com.com	Female	152.189.77.97
364	Moyna	Middleditch	mmiddleditcha3@unesco.org	Female	236.93.206.164
365	Franciskus	Nickels	fnickelsa4@google.ru	Genderqueer	59.45.74.251
366	Hilary	Mollnar	hmollnara5@indiegogo.com	Polygender	140.101.215.179
367	Cristin	Bunclark	cbunclarka6@spotify.com	Female	114.249.99.246
368	Moritz	Fawdry	mfawdrya7@usa.gov	Agender	101.210.85.43
369	Welch	Haresnape	wharesnapea8@linkedin.com	Genderqueer	7.169.243.193
370	Eamon	Goose	egoosea9@un.org	Bigender	204.173.85.214
371	Malorie	Sloat	msloataa@weebly.com	Male	198.121.128.246
372	Alonzo	Fenning	afenningab@istockphoto.com	Genderqueer	47.104.231.213
373	Gayla	Peperell	gpeperellac@chicagotribune.com	Polygender	163.52.94.163
374	Madeline	O'Gormally	mogormallyad@photobucket.com	Non-binary	129.212.248.163
375	Nels	Starmer	nstarmerae@ovh.net	Polygender	78.68.70.210
376	Rosalinde	Ide	rideaf@so-net.ne.jp	Genderqueer	69.19.4.113
377	Burtie	Kuzma	bkuzmaag@github.com	Genderqueer	41.194.198.102
378	Madelyn	Burgot	mburgotah@angelfire.com	Polygender	12.127.53.66
379	Polly	Dolby	pdolbyai@cocolog-nifty.com	Genderfluid	194.177.246.65
380	Olva	Christophle	ochristophleaj@icio.us	Male	133.161.157.236
381	Edna	Pedrol	epedrolak@livejournal.com	Polygender	97.24.140.144
382	Laina	Hanington	lhaningtonal@barnesandnoble.com	Female	127.60.217.199
383	Erick	Ivanichev	eivanichevam@jugem.jp	Polygender	76.18.194.233
384	Lorne	Bennit	lbennitan@biblegateway.com	Bigender	131.134.102.106
385	Evey	Browncey	ebrownceyao@cbsnews.com	Genderqueer	14.96.77.114
386	Boycey	Youtead	byouteadap@dell.com	Genderfluid	37.249.21.88
387	Remington	Sibborn	rsibbornaq@yahoo.com	Genderfluid	112.176.71.49
388	Elsbeth	Seabon	eseabonar@myspace.com	Genderfluid	110.61.235.231
389	Kaylee	Kiss	kkissas@elegantthemes.com	Genderqueer	9.1.38.228
390	Lesli	Wickey	lwickeyat@mtv.com	Agender	98.76.165.159
391	Brewer	Yuryaev	byuryaevau@flavors.me	Agender	15.115.155.123
392	Odette	Currin	ocurrinav@bigcartel.com	Female	108.4.165.52
393	Inger	Castella	icastellaaw@typepad.com	Polygender	114.252.146.10
394	Raquela	Lassen	rlassenax@macromedia.com	Genderfluid	247.249.5.56
395	Benedick	Kores	bkoresay@sogou.com	Genderfluid	112.149.203.58
396	Gothart	Pikett	gpikettaz@wikimedia.org	Agender	118.92.132.67
397	Jazmin	Monnelly	jmonnellyb0@ted.com	Bigender	250.152.41.138
398	Ximenez	Rysdale	xrysdaleb1@wp.com	Genderqueer	14.31.77.137
399	Ashla	Muckeen	amuckeenb2@imageshack.us	Agender	151.16.44.239
400	Lucio	Cluckie	lcluckieb3@nps.gov	Male	206.147.182.145
401	Meghann	Ramble	mrambleb4@hugedomains.com	Bigender	133.39.127.143
402	Carena	Halpine	chalpineb5@psu.edu	Bigender	216.112.166.100
403	Stanislaw	Fahy	sfahyb6@timesonline.co.uk	Male	18.127.110.37
404	Prudence	Lantoph	plantophb7@usatoday.com	Genderqueer	233.143.35.132
405	Elinore	Bonafant	ebonafantb8@ucoz.ru	Genderqueer	9.237.130.124
406	Felix	Tsarovic	ftsarovicb9@ucla.edu	Genderfluid	153.145.219.190
407	Terry	Navarijo	tnavarijoba@msu.edu	Bigender	61.104.121.217
408	Estrellita	Dutnell	edutnellbb@google.co.uk	Genderqueer	160.33.96.105
409	Elmer	Athow	eathowbc@jugem.jp	Genderfluid	90.28.243.65
410	Gabie	Muggeridge	gmuggeridgebd@spotify.com	Polygender	71.9.178.164
411	Sandro	Hanshaw	shanshawbe@bandcamp.com	Genderqueer	242.218.153.141
412	Russ	Tite	rtitebf@nhs.uk	Female	32.68.106.154
413	Alfy	O'Connolly	aoconnollybg@themeforest.net	Male	247.197.70.115
414	Shayne	Ambrogioni	sambrogionibh@ning.com	Genderqueer	200.192.142.87
415	Martina	Barkas	mbarkasbi@sciencedaily.com	Genderfluid	19.197.76.126
416	Gabriele	Frosdick	gfrosdickbj@wordpress.org	Polygender	180.188.207.198
417	Eunice	Dowall	edowallbk@linkedin.com	Male	234.3.153.182
418	Nomi	Starkings	nstarkingsbl@jalbum.net	Bigender	82.204.63.128
419	Lydon	Smallbone	lsmallbonebm@spotify.com	Agender	188.116.45.232
420	Marilee	Schoenleiter	mschoenleiterbn@alibaba.com	Non-binary	117.227.118.9
421	Loleta	Dowey	ldoweybo@newsvine.com	Genderfluid	30.179.253.123
422	Eilis	Gosden	egosdenbp@comcast.net	Female	40.209.217.130
423	Farlee	Glandon	fglandonbq@icio.us	Agender	98.49.237.122
424	Tait	Dorrance	tdorrancebr@icio.us	Female	78.91.234.227
425	Efrem	Cockrill	ecockrillbs@reddit.com	Polygender	54.207.116.239
426	Corbett	Baldoni	cbaldonibt@tumblr.com	Polygender	135.169.203.192
427	Xever	Petris	xpetrisbu@jiathis.com	Non-binary	206.43.16.101
428	Dar	Pleasants	dpleasantsbv@wix.com	Genderfluid	122.88.219.241
429	Donn	Johann	djohannbw@theguardian.com	Bigender	177.76.47.106
430	Berrie	Goom	bgoombx@over-blog.com	Genderfluid	130.38.43.9
431	Aaren	Buchett	abuchettby@tuttocitta.it	Polygender	236.168.104.31
432	Cristen	Yepiskopov	cyepiskopovbz@toplist.cz	Polygender	197.179.205.181
433	Teddie	Bloxsom	tbloxsomc0@jigsy.com	Non-binary	174.206.253.45
434	Row	Pyffe	rpyffec1@illinois.edu	Genderqueer	11.187.75.39
435	Emmye	Bradock	ebradockc2@prnewswire.com	Agender	159.18.1.162
436	Cherrita	McDowell	cmcdowellc3@rakuten.co.jp	Polygender	222.213.16.132
437	Malvina	Andriolli	mandriollic4@so-net.ne.jp	Male	5.156.118.9
438	Emelyne	Folke	efolkec5@vkontakte.ru	Genderfluid	2.186.173.80
439	Lloyd	Fonso	lfonsoc6@google.com.au	Agender	83.160.58.110
440	Filip	Dionisetto	fdionisettoc7@de.vu	Female	142.129.97.147
441	Bette	Pernell	bpernellc8@weebly.com	Agender	51.253.96.90
442	Owen	Wiles	owilesc9@twitpic.com	Polygender	214.210.141.155
443	Dorri	Joinsey	djoinseyca@xrea.com	Genderqueer	225.154.102.177
444	Lennard	Lages	llagescb@youku.com	Agender	237.126.45.242
445	Rudie	Zylbermann	rzylbermanncc@ibm.com	Female	154.224.227.118
446	Eudora	Baudin	ebaudincd@theglobeandmail.com	Genderfluid	108.231.244.38
447	Lemmie	Kynett	lkynettce@bravesites.com	Non-binary	173.194.252.37
448	Cindy	Stripp	cstrippcf@goo.gl	Agender	69.241.32.107
449	Emalee	Tattershaw	etattershawcg@so-net.ne.jp	Female	184.67.76.16
450	Devan	Harwell	dharwellch@purevolume.com	Female	174.151.37.142
451	Sayres	Pfeuffer	spfeufferci@wordpress.com	Male	87.197.65.33
452	Port	Marchment	pmarchmentcj@admin.ch	Genderqueer	203.147.216.47
453	Shermie	Harte	sharteck@ftc.gov	Genderfluid	17.211.10.30
454	Lainey	Vickarman	lvickarmancl@dyndns.org	Non-binary	8.135.6.21
455	Jock	Lambourne	jlambournecm@ted.com	Female	249.75.224.160
456	Raviv	Sailor	rsailorcn@networksolutions.com	Agender	196.151.224.212
457	Brewer	Isakson	bisaksonco@google.com.br	Bigender	31.37.85.16
458	Gearard	Wyche	gwychecp@ted.com	Bigender	247.7.232.247
459	Ozzy	Tenwick	otenwickcq@timesonline.co.uk	Genderqueer	81.243.200.13
460	Rafaelita	Wileman	rwilemancr@yellowpages.com	Non-binary	97.190.92.139
461	Kimball	Boddymead	kboddymeadcs@vinaora.com	Genderfluid	189.149.176.202
462	Nita	Eade	neadect@posterous.com	Genderqueer	221.195.140.107
463	Ernie	McCrackan	emccrackancu@rakuten.co.jp	Non-binary	107.45.35.240
464	Georgiana	Castelluzzi	gcastelluzzicv@1688.com	Agender	56.187.191.50
465	Tobie	Thorington	tthoringtoncw@mediafire.com	Polygender	227.64.54.188
466	Fabian	Suffe	fsuffecx@dmoz.org	Bigender	189.125.162.59
467	Vachel	Townley	vtownleycy@dell.com	Male	124.145.70.231
468	Conni	Mitkov	cmitkovcz@epa.gov	Female	198.242.80.209
469	Gratia	Sheldrick	gsheldrickd0@wordpress.org	Non-binary	196.226.87.179
470	Yorke	Bachura	ybachurad1@cbsnews.com	Agender	208.252.76.134
471	Angel	Swyer	aswyerd2@va.gov	Bigender	229.200.241.41
472	Will	Hallahan	whallahand3@plala.or.jp	Polygender	154.179.248.64
473	Sonnnie	Collip	scollipd4@tumblr.com	Agender	18.157.93.68
474	Jasmin	Castenda	jcastendad5@globo.com	Genderfluid	175.146.168.28
475	Hendrik	Syfax	hsyfaxd6@un.org	Polygender	75.89.194.24
476	Belia	Gibbons	bgibbonsd7@plala.or.jp	Agender	147.198.102.151
477	Teddie	Dansey	tdanseyd8@google.de	Bigender	189.48.151.116
478	Mayor	Farraway	mfarrawayd9@dailymail.co.uk	Non-binary	191.143.69.231
479	Kaila	Mabb	kmabbda@cmu.edu	Agender	131.207.154.51
480	Martie	Domengue	mdomenguedb@bing.com	Bigender	16.93.230.250
481	Fleur	Place	fplacedc@berkeley.edu	Male	82.204.88.5
482	Kim	Ralph	kralphdd@nasa.gov	Genderqueer	104.137.191.5
483	Starr	Lytton	slyttonde@mapy.cz	Agender	102.244.4.9
484	Wilton	Snar	wsnardf@stanford.edu	Non-binary	36.139.204.140
485	Ariella	Cartmel	acartmeldg@instagram.com	Female	199.5.28.207
486	Maxie	Barajas	mbarajasdh@sfgate.com	Genderqueer	62.162.4.128
487	Joellen	Borgars	jborgarsdi@epa.gov	Non-binary	213.239.33.13
488	Jaclyn	Bedome	jbedomedj@accuweather.com	Genderfluid	91.124.120.178
489	Giffie	Ellaway	gellawaydk@shutterfly.com	Male	246.64.67.162
490	Adrian	Cosslett	acosslettdl@paypal.com	Female	205.77.234.165
491	Kailey	Tinner	ktinnerdm@youku.com	Agender	83.29.125.213
492	Florella	Giacubo	fgiacubodn@xinhuanet.com	Bigender	3.232.37.102
493	Herby	Dureden	hduredendo@ox.ac.uk	Agender	19.206.202.130
494	Lorette	Beveridge	lbeveridgedp@geocities.com	Polygender	78.18.169.117
495	Michelle	Stedson	mstedsondq@reddit.com	Genderqueer	55.70.69.199
496	Alie	Jotcham	ajotchamdr@reverbnation.com	Genderqueer	177.90.154.141
497	Karyn	MacGahy	kmacgahyds@mtv.com	Non-binary	173.169.224.18
498	Tadd	Crosser	tcrosserdt@techcrunch.com	Male	96.84.49.158
499	Ramon	Hallatt	rhallattdu@naver.com	Genderqueer	136.234.150.237
500	Haskel	Gerin	hgerindv@howstuffworks.com	Polygender	52.10.53.47
501	Zia	Fairfull	zfairfulldw@freewebs.com	Polygender	91.67.93.30
502	Suzanne	Vasentsov	svasentsovdx@purevolume.com	Bigender	234.94.40.100
503	Angeli	Carling	acarlingdy@ehow.com	Genderqueer	31.15.15.217
504	Kimmie	Semeniuk	ksemeniukdz@intel.com	Genderfluid	73.202.167.17
505	Brian	Olsson	bolssone0@blinklist.com	Male	22.98.24.120
506	Ches	Skillitt	cskillitte1@xrea.com	Polygender	239.69.161.29
507	Jelene	Crasswell	jcrasswelle2@ucsd.edu	Genderfluid	112.86.246.26
508	Graham	Kubicek	gkubiceke3@howstuffworks.com	Genderfluid	19.109.241.87
509	Ddene	Pauwel	dpauwele4@irs.gov	Genderfluid	42.162.242.107
510	Viviyan	Theml	vthemle5@globo.com	Agender	125.116.102.202
511	Jen	Terrans	jterranse6@ibm.com	Genderqueer	190.2.3.107
512	Dayle	Owen	dowene7@webs.com	Female	208.7.52.214
513	Puff	Akker	pakkere8@scientificamerican.com	Genderqueer	17.140.198.128
514	Alexio	Sherbrook	asherbrooke9@nba.com	Bigender	147.249.194.25
515	Brade	Yokley	byokleyea@oaic.gov.au	Genderfluid	129.232.93.97
516	Lynda	Rentoll	lrentolleb@unc.edu	Bigender	55.0.123.221
517	Miquela	Harden	mhardenec@un.org	Male	227.44.218.205
518	Matteo	Batters	mbattersed@delicious.com	Genderfluid	129.225.151.11
519	Shena	Engelbrecht	sengelbrechtee@acquirethisname.com	Female	73.207.190.53
520	Shantee	Sex	ssexef@liveinternet.ru	Agender	115.92.5.71
521	Clarance	Dimbylow	cdimbyloweg@disqus.com	Bigender	92.96.168.143
522	Alisa	Jessard	ajessardeh@abc.net.au	Non-binary	73.185.161.12
523	Tricia	Horry	thorryei@ucoz.ru	Non-binary	203.75.0.55
524	Rance	Winfindine	rwinfindineej@pen.io	Agender	83.176.164.11
525	Diane-marie	Teasdale-Markie	dteasdalemarkieek@walmart.com	Genderqueer	235.3.252.26
526	Joeann	Cleef	jcleefel@blogs.com	Genderfluid	116.248.247.171
527	Goldy	Middlemass	gmiddlemassem@chicagotribune.com	Genderfluid	11.181.128.6
528	Lorri	Cranston	lcranstonen@mysql.com	Genderfluid	213.202.34.140
529	Augustina	Elener	aelenereo@mapy.cz	Female	109.77.68.159
530	Falito	Rannie	frannieep@marriott.com	Polygender	132.170.231.148
531	Ludvig	Hutcheons	lhutcheonseq@house.gov	Genderqueer	243.29.81.3
532	Frances	Darrington	fdarringtoner@addtoany.com	Polygender	180.248.213.42
533	Devland	Pound	dpoundes@blinklist.com	Male	73.86.80.24
534	Kerk	Bessent	kbessentet@ustream.tv	Male	22.169.69.192
535	Ida	Tofts	itoftseu@oakley.com	Male	81.253.163.211
536	Idaline	Sambeck	isambeckev@php.net	Female	209.240.73.69
537	Grace	Cleife	gcleifeew@hexun.com	Male	182.8.175.196
538	Colette	Kinane	ckinaneex@tamu.edu	Agender	174.210.195.82
539	Alikee	Digance	adiganceey@imageshack.us	Genderqueer	116.223.123.88
540	Marnie	Illing	millingez@uiuc.edu	Polygender	127.204.250.164
541	Loraine	Gillean	lgilleanf0@rakuten.co.jp	Non-binary	252.242.232.134
542	Ilyssa	People	ipeoplef1@slate.com	Agender	243.194.234.34
543	Ronnie	Plastow	rplastowf2@aol.com	Non-binary	102.42.242.115
544	Kassia	Cosgrove	kcosgrovef3@list-manage.com	Genderqueer	63.63.148.126
545	Carrol	Brownjohn	cbrownjohnf4@hugedomains.com	Non-binary	170.120.97.228
546	Keeley	Offin	koffinf5@businessweek.com	Agender	183.123.157.61
547	Demetris	Grzelczak	dgrzelczakf6@thetimes.co.uk	Polygender	220.215.176.126
548	Othella	Ascough	oascoughf7@senate.gov	Genderfluid	131.217.135.235
549	Lynett	Norwood	lnorwoodf8@about.com	Genderqueer	221.137.85.227
550	Rhiamon	Trasler	rtraslerf9@cornell.edu	Polygender	127.138.148.36
551	Antoine	Bilbrooke	abilbrookefa@amazon.co.jp	Male	85.251.161.173
552	Loutitia	Danbrook	ldanbrookfb@netlog.com	Polygender	150.113.104.85
553	Nara	Hooks	nhooksfc@usnews.com	Genderfluid	254.212.102.250
554	Terra	Bottell	tbottellfd@blogspot.com	Genderqueer	250.156.158.183
555	Norean	Harsum	nharsumfe@vk.com	Genderqueer	56.82.75.32
556	Melly	Bielefeld	mbielefeldff@omniture.com	Agender	61.248.247.160
557	Vance	Groucutt	vgroucuttfg@twitpic.com	Female	194.201.82.74
558	Perrine	Nadin	pnadinfh@wordpress.org	Bigender	42.134.85.94
559	Lurleen	Gowing	lgowingfi@weibo.com	Polygender	109.55.241.193
560	Queenie	Lockless	qlocklessfj@google.com.au	Bigender	218.26.78.233
561	Franni	Geerdts	fgeerdtsfk@eventbrite.com	Genderfluid	145.237.228.223
562	Adriaens	McCarroll	amccarrollfl@unblog.fr	Agender	181.113.108.110
563	Anthiathia	Borrott	aborrottfm@youtu.be	Agender	86.148.151.154
564	Moishe	Bleythin	mbleythinfn@prlog.org	Non-binary	108.194.105.28
565	Amery	Sondland	asondlandfo@mediafire.com	Female	221.250.183.200
566	Benita	Peppett	bpeppettfp@deliciousdays.com	Female	108.129.144.47
567	Lyndsey	Gherardini	lgherardinifq@symantec.com	Genderqueer	64.23.36.79
568	Coleman	Pargetter	cpargetterfr@deliciousdays.com	Polygender	114.142.192.177
569	Constantine	Salvatore	csalvatorefs@plala.or.jp	Male	68.130.52.73
570	Merilee	Stolberg	mstolbergft@hud.gov	Genderqueer	35.185.101.20
571	Gordie	Burriss	gburrissfu@amazon.co.jp	Genderqueer	127.162.26.205
572	Cyrillus	Hartigan	chartiganfv@ucsd.edu	Bigender	117.121.60.164
573	Ynes	Robelin	yrobelinfw@blinklist.com	Female	185.166.57.45
574	Eba	Dy	edyfx@nsw.gov.au	Agender	92.27.57.115
575	Foss	Juste	fjustefy@guardian.co.uk	Genderqueer	251.65.167.237
576	Grata	McVicker	gmcvickerfz@lulu.com	Genderfluid	35.179.245.142
577	Gwenore	Blees	gbleesg0@phpbb.com	Polygender	11.145.142.237
578	Nealy	Gaymar	ngaymarg1@webs.com	Agender	112.59.121.201
579	Trefor	Denyukhin	tdenyukhing2@github.com	Non-binary	180.196.43.203
580	Ailbert	Lob	alobg3@yahoo.co.jp	Male	141.91.70.144
581	Sindee	Abramsky	sabramskyg4@networkadvertising.org	Genderfluid	61.0.175.59
582	Curran	Wixey	cwixeyg5@salon.com	Genderqueer	217.34.90.95
583	Reena	Screach	rscreachg6@mysql.com	Female	14.220.154.224
584	Pat	Marchbank	pmarchbankg7@deliciousdays.com	Genderqueer	127.225.41.154
585	Jonell	Franciottoi	jfranciottoig8@earthlink.net	Genderqueer	50.17.198.122
586	Paxon	Matushevitz	pmatushevitzg9@delicious.com	Non-binary	183.24.123.100
587	Karlis	Dyble	kdyblega@digg.com	Male	241.52.11.116
588	Zabrina	Lillee	zlilleegb@xinhuanet.com	Non-binary	218.89.22.80
589	Sabra	Johantges	sjohantgesgc@merriam-webster.com	Female	184.11.114.101
590	Darda	Metzel	dmetzelgd@princeton.edu	Polygender	80.195.209.168
591	Melodee	Ollerton	mollertonge@nationalgeographic.com	Agender	207.106.92.66
592	Lynnette	Tomasutti	ltomasuttigf@freewebs.com	Male	250.78.198.126
593	Wylie	Kirk	wkirkgg@nydailynews.com	Polygender	199.34.144.39
594	Noelle	Cowely	ncowelygh@ucoz.ru	Polygender	181.149.44.247
595	Rowe	Besantie	rbesantiegi@sphinn.com	Genderfluid	62.82.160.214
596	Howey	Andrassy	handrassygj@chronoengine.com	Genderqueer	204.201.67.90
597	Dolley	MacKall	dmackallgk@cam.ac.uk	Male	57.238.134.33
598	Sabrina	Thorogood	sthorogoodgl@meetup.com	Polygender	81.138.222.84
599	Mari	Allchorn	mallchorngm@army.mil	Polygender	226.20.166.117
600	Ofelia	Lefort	olefortgn@flickr.com	Female	143.79.195.46
601	Antonia	Gregol	agregolgo@youku.com	Agender	234.158.136.123
602	Hermina	Acreman	hacremangp@netscape.com	Polygender	160.131.208.7
603	Leigh	Cuddihy	lcuddihygq@lulu.com	Genderfluid	42.50.153.57
604	Halli	Grent	hgrentgr@nba.com	Male	205.182.109.114
605	Florencia	Seivertsen	fseivertsengs@cdc.gov	Bigender	142.69.85.51
606	Avictor	Boorn	aboorngt@myspace.com	Polygender	184.84.226.73
607	Veronica	Thorneloe	vthorneloegu@auda.org.au	Genderqueer	65.30.85.70
608	Sonni	Dufore	sduforegv@theguardian.com	Male	223.144.84.58
609	Orland	Feehan	ofeehangw@nymag.com	Polygender	122.117.103.242
610	Horten	Vlies	hvliesgx@histats.com	Non-binary	220.161.249.214
611	Tobiah	Gourlie	tgourliegy@cisco.com	Polygender	196.59.245.182
612	Karlan	Reignolds	kreignoldsgz@nyu.edu	Female	10.182.165.217
613	Rob	Keveren	rkeverenh0@jiathis.com	Polygender	55.244.103.197
614	Lorette	Swinnard	lswinnardh1@istockphoto.com	Female	189.136.67.247
615	Karry	Gilmore	kgilmoreh2@trellian.com	Non-binary	216.191.31.168
616	Melodee	Prys	mprysh3@wordpress.org	Male	81.50.95.102
617	Thayne	Titcombe	ttitcombeh4@redcross.org	Non-binary	134.94.208.64
618	Stephenie	Sahnow	ssahnowh5@mtv.com	Polygender	30.230.140.90
619	Pearla	Moncreif	pmoncreifh6@earthlink.net	Agender	10.6.73.65
620	Ana	Conyers	aconyersh7@microsoft.com	Agender	124.199.190.93
621	Oliviero	Borrington	oborringtonh8@msn.com	Female	213.41.136.62
622	Derward	Vost	dvosth9@ifeng.com	Bigender	30.202.101.67
623	Killian	Oke	kokeha@topsy.com	Bigender	236.250.80.133
624	Marwin	Coleridge	mcoleridgehb@booking.com	Genderqueer	16.175.203.126
625	Elianora	Gudge	egudgehc@ihg.com	Genderqueer	27.122.115.207
626	Roxine	McNuff	rmcnuffhd@parallels.com	Genderfluid	221.188.112.253
627	Robinet	Hargreave	rhargreavehe@delicious.com	Agender	21.125.22.182
628	Rosaleen	Abella	rabellahf@ucla.edu	Non-binary	102.231.144.129
629	Fred	De Carolis	fdecarolishg@google.co.jp	Male	252.24.34.8
630	Magnum	Ourtic	mourtichh@example.com	Polygender	93.138.30.0
631	Wilie	Cullinan	wcullinanhi@nature.com	Bigender	191.12.210.212
632	Damaris	Varsey	dvarseyhj@epa.gov	Agender	123.2.214.204
633	Lovell	McIlharga	lmcilhargahk@twitpic.com	Genderqueer	3.86.87.33
634	Darda	Borrington	dborringtonhl@nationalgeographic.com	Agender	131.134.177.251
635	Rainer	Dilworth	rdilworthhm@dagondesign.com	Genderfluid	239.20.193.112
636	Salvidor	Sammons	ssammonshn@spiegel.de	Bigender	224.138.135.39
637	Carlie	Lampel	clampelho@t.co	Non-binary	159.230.36.190
638	Marrilee	Draycott	mdraycotthp@de.vu	Genderqueer	15.243.156.196
639	Rabi	Eliaz	reliazhq@imdb.com	Male	78.232.162.163
640	Dennie	Pedersen	dpedersenhr@squidoo.com	Non-binary	76.199.71.229
641	Pauli	Skoggins	pskogginshs@wikispaces.com	Male	112.137.48.229
642	Dugald	Heephy	dheephyht@ow.ly	Genderfluid	51.18.163.117
643	Boothe	McCory	bmccoryhu@stumbleupon.com	Male	216.165.4.219
644	Rudolf	Mussen	rmussenhv@squidoo.com	Female	161.78.51.163
645	Winslow	Sirette	wsirettehw@deliciousdays.com	Agender	171.215.139.209
646	Jada	Staley	jstaleyhx@taobao.com	Female	37.30.227.59
647	Casar	Elintune	celintunehy@bizjournals.com	Male	35.156.168.69
648	Latrina	Gaspard	lgaspardhz@ning.com	Genderfluid	47.242.115.133
649	Lance	Skeete	lskeetei0@google.de	Female	48.41.69.211
650	Isak	Screech	iscreechi1@printfriendly.com	Polygender	50.64.119.222
651	Ludwig	Lodewick	llodewicki2@pinterest.com	Genderqueer	127.208.198.241
652	Rosco	Michelotti	rmichelottii3@irs.gov	Female	147.250.230.82
653	Stephan	Ianni	siannii4@bbb.org	Agender	13.64.5.41
654	Dru	Botwood	dbotwoodi5@ftc.gov	Agender	31.214.99.165
655	Lebbie	Whithalgh	lwhithalghi6@google.ru	Bigender	138.122.54.225
656	Lancelot	Boyfield	lboyfieldi7@elpais.com	Genderfluid	14.214.254.6
657	Sybila	Cotilard	scotilardi8@ucla.edu	Agender	215.116.97.230
658	Lesya	Getley	lgetleyi9@joomla.org	Female	113.153.239.6
659	Sheffy	Prin	sprinia@imdb.com	Genderqueer	125.96.44.117
660	Avis	Coumbe	acoumbeib@ask.com	Bigender	219.4.203.168
661	Modesty	Stote	mstoteic@fema.gov	Non-binary	248.240.200.210
662	Babette	Wims	bwimsid@nationalgeographic.com	Genderfluid	28.177.131.224
663	Adara	Buttriss	abuttrissie@xing.com	Agender	37.175.180.113
664	Remy	Tarney	rtarneyif@usda.gov	Genderfluid	124.100.124.47
665	Chantalle	Crosgrove	ccrosgroveig@nyu.edu	Female	227.113.163.25
666	Amabelle	Le Claire	aleclaireih@ibm.com	Genderqueer	200.56.93.131
667	Avis	Berkeley	aberkeleyii@indiatimes.com	Female	249.52.252.127
668	Indira	Ruggiero	iruggieroij@japanpost.jp	Genderfluid	247.113.252.100
669	Calvin	Heardman	cheardmanik@e-recht24.de	Genderfluid	226.39.188.70
670	Babbette	Maggill'Andreis	bmaggillandreisil@clickbank.net	Male	234.126.170.50
671	Deva	Croucher	dcroucherim@is.gd	Agender	116.233.52.13
672	Latrena	Stannard	lstannardin@eepurl.com	Female	21.35.252.175
673	Rossy	Hutchcraft	rhutchcraftio@ucoz.com	Agender	238.79.164.148
674	Tomas	Freer	tfreerip@constantcontact.com	Bigender	152.126.238.239
675	Cathy	Laingmaid	claingmaidiq@cnbc.com	Male	201.183.229.235
676	Teddy	Huckel	thuckelir@bloglovin.com	Genderfluid	18.79.200.171
677	Doralynn	Meyrick	dmeyrickis@narod.ru	Male	161.71.108.17
678	Jacquenetta	McCrackem	jmccrackemit@mapy.cz	Female	121.81.178.150
679	Nara	Iwanowicz	niwanowicziu@ocn.ne.jp	Male	40.98.160.216
680	Peta	Le Provest	pleprovestiv@histats.com	Bigender	52.30.56.160
681	Alfie	Flecknoe	aflecknoeiw@cpanel.net	Bigender	102.200.238.96
682	Trix	Barringer	tbarringerix@multiply.com	Bigender	58.240.249.96
683	Carol-jean	Alyukin	calyukiniy@symantec.com	Agender	151.151.186.231
684	Mercie	Newling	mnewlingiz@mapy.cz	Non-binary	122.253.209.219
685	Elise	Christofle	echristoflej0@hugedomains.com	Genderfluid	37.61.26.185
686	Merrili	Pryer	mpryerj1@shop-pro.jp	Female	19.152.190.251
687	Shaun	Brunskill	sbrunskillj2@usa.gov	Female	220.144.11.39
688	Alanna	Reichardt	areichardtj3@google.es	Bigender	133.166.53.90
689	Adelaide	Kristufek	akristufekj4@typepad.com	Genderqueer	108.204.155.207
690	Shelby	Iacovone	siacovonej5@nyu.edu	Non-binary	48.26.93.29
691	Artemis	Paskell	apaskellj6@fema.gov	Genderfluid	46.221.216.235
692	Sim	Rosenberger	srosenbergerj7@deviantart.com	Agender	176.230.92.201
693	Odie	MacCaffery	omaccafferyj8@w3.org	Female	212.192.14.166
694	Mathias	Franciottoi	mfranciottoij9@mayoclinic.com	Polygender	247.70.27.210
695	Axe	Ross	arossja@jugem.jp	Genderqueer	93.254.43.151
696	Gregoor	Duprey	gdupreyjb@jugem.jp	Polygender	161.193.214.143
697	Francine	Pickthorn	fpickthornjc@is.gd	Male	58.185.44.53
698	Ingaborg	Diano	idianojd@aboutads.info	Non-binary	107.63.70.46
699	Delcina	Vedyashkin	dvedyashkinje@w3.org	Genderfluid	88.129.249.51
700	Evvie	Loble	eloblejf@columbia.edu	Polygender	169.214.156.25
701	Lucinda	Titta	ltittajg@devhub.com	Female	130.226.255.71
702	Christi	Brugman	cbrugmanjh@boston.com	Genderqueer	150.156.194.48
703	Dane	Mash	dmashji@google.it	Female	4.112.67.122
704	Hildegarde	Devonshire	hdevonshirejj@cloudflare.com	Genderfluid	102.149.206.8
705	Faythe	Chidler	fchidlerjk@washington.edu	Male	76.140.243.140
706	Marten	Cowderay	mcowderayjl@google.com	Polygender	79.41.122.101
707	Ferne	Vasilchikov	fvasilchikovjm@about.me	Genderqueer	52.157.24.163
708	Trixi	Crallan	tcrallanjn@miibeian.gov.cn	Agender	231.17.81.5
709	Sabine	Jemmett	sjemmettjo@squarespace.com	Genderqueer	254.242.125.44
710	Elmira	Frugier	efrugierjp@usa.gov	Male	17.138.208.73
711	Daron	Askham	daskhamjq@fda.gov	Male	169.188.145.145
712	Frederica	Chillingsworth	fchillingsworthjr@flavors.me	Non-binary	225.51.118.129
713	Oliviero	Chittey	ochitteyjs@smugmug.com	Genderfluid	96.90.66.211
714	Emilia	Pitcaithley	epitcaithleyjt@wikimedia.org	Polygender	34.179.77.98
715	Rory	Brundell	rbrundellju@theguardian.com	Agender	98.123.240.139
716	Freida	Pitkethly	fpitkethlyjv@photobucket.com	Bigender	198.77.212.188
717	Cherice	Santarelli	csantarellijw@pen.io	Genderqueer	83.70.63.130
718	Land	Popping	lpoppingjx@lulu.com	Agender	132.79.149.158
719	Star	Bertelmot	sbertelmotjy@bravesites.com	Female	143.248.81.86
720	Faydra	Di Batista	fdibatistajz@rediff.com	Genderqueer	186.54.228.111
721	Kimberlee	MacCrossan	kmaccrossank0@alexa.com	Polygender	237.62.185.87
722	Shell	Jakubowski	sjakubowskik1@whitehouse.gov	Bigender	5.44.22.207
723	Leann	Brickham	lbrickhamk2@time.com	Female	254.251.94.210
724	Sancho	Ditchburn	sditchburnk3@dailymotion.com	Genderfluid	67.142.82.54
725	Isidoro	Diemer	idiemerk4@i2i.jp	Agender	53.12.162.189
726	Ugo	Willcott	uwillcottk5@virginia.edu	Agender	145.17.231.59
727	Caddric	Brine	cbrinek6@miitbeian.gov.cn	Female	216.95.2.179
728	Chauncey	Cottill	ccottillk7@photobucket.com	Female	248.128.138.150
729	Roxana	Fay	rfayk8@tiny.cc	Non-binary	214.25.148.47
730	Gilbertine	Menhenitt	gmenhenittk9@storify.com	Polygender	36.145.193.15
731	Paul	Fouracre	pfouracreka@goo.gl	Genderqueer	162.148.184.43
732	Christin	Jacklin	cjacklinkb@ehow.com	Non-binary	38.63.37.195
733	Kellina	Haward	khawardkc@boston.com	Bigender	183.227.251.104
734	Jaclyn	Ledwidge	jledwidgekd@house.gov	Genderfluid	159.83.97.72
735	Northrup	Dunbabin	ndunbabinke@nytimes.com	Male	8.122.92.83
736	Zelda	Beville	zbevillekf@sourceforge.net	Bigender	97.157.145.45
737	Lavinie	Possa	lpossakg@twitpic.com	Agender	17.25.140.95
738	Harrie	Dolder	hdolderkh@sina.com.cn	Agender	239.182.230.130
739	Mirna	Birrel	mbirrelki@nydailynews.com	Non-binary	95.89.146.218
740	Madeleine	Lilley	mlilleykj@marriott.com	Female	217.81.248.67
741	Gerry	Layburn	glayburnkk@mozilla.com	Male	100.126.128.27
742	Burgess	Forrester	bforresterkl@dropbox.com	Polygender	64.32.157.21
743	Elvis	Fearenside	efearensidekm@reddit.com	Female	182.155.12.40
744	Reginauld	Castagnone	rcastagnonekn@myspace.com	Female	109.204.205.14
745	Mildrid	Greetland	mgreetlandko@xinhuanet.com	Female	112.157.0.188
746	Aymer	Brunton	abruntonkp@nbcnews.com	Polygender	60.53.171.129
747	Jeana	Mucillo	jmucillokq@merriam-webster.com	Genderfluid	235.237.19.78
748	Tani	Brownsea	tbrownseakr@tinyurl.com	Non-binary	109.122.61.129
749	Glennie	Friar	gfriarks@usatoday.com	Polygender	250.189.127.45
750	Viv	Zoephel	vzoephelkt@fastcompany.com	Non-binary	32.32.202.221
751	Fredericka	Yarrall	fyarrallku@mlb.com	Genderqueer	220.254.102.149
752	Jase	Blezard	jblezardkv@netscape.com	Bigender	26.49.171.245
753	Harwilll	MacSweeney	hmacsweeneykw@microsoft.com	Polygender	208.12.149.44
754	Lindy	Janman	ljanmankx@wix.com	Genderqueer	133.144.129.202
755	Ansell	Schoenfisch	aschoenfischky@tinypic.com	Female	185.96.14.173
756	Jaquelyn	Swatheridge	jswatheridgekz@zimbio.com	Polygender	247.183.163.90
757	Bordie	McCarrell	bmccarrelll0@hexun.com	Non-binary	197.14.56.108
758	Eustacia	Manders	emandersl1@icio.us	Agender	214.195.223.158
759	Nicole	Schimaschke	nschimaschkel2@twitter.com	Male	30.26.61.189
760	Sallyann	Iceton	sicetonl3@pagesperso-orange.fr	Genderqueer	89.68.135.214
761	Maria	Iacovelli	miacovellil4@vinaora.com	Female	19.144.107.230
762	Jehanna	Quipp	jquippl5@disqus.com	Genderfluid	181.163.153.253
763	Damita	Mullaly	dmullalyl6@japanpost.jp	Genderfluid	16.233.132.5
764	Dill	Gillum	dgilluml7@telegraph.co.uk	Male	241.175.161.157
765	Rufus	Geillier	rgeillierl8@zimbio.com	Polygender	100.32.125.48
766	Orlando	Profit	oprofitl9@xrea.com	Genderfluid	154.49.131.12
767	Amie	Carradice	acarradicela@about.me	Bigender	215.144.89.75
768	Temple	Grisenthwaite	tgrisenthwaitelb@seesaa.net	Male	83.214.2.166
769	Dian	Russell	drusselllc@xing.com	Agender	22.67.172.172
770	Minda	Cubin	mcubinld@china.com.cn	Agender	129.199.223.162
771	Ellene	Sawdon	esawdonle@blinklist.com	Female	140.231.180.34
772	Cy	Pipet	cpipetlf@behance.net	Agender	137.50.92.16
773	Carlynne	Bozworth	cbozworthlg@bloglines.com	Genderfluid	149.15.79.170
774	Duky	Emeny	demenylh@slate.com	Female	162.152.16.90
775	Giles	Egel	gegelli@europa.eu	Non-binary	120.92.188.66
776	Bethina	Alty	baltylj@aboutads.info	Male	248.33.199.204
777	Odele	Selcraig	oselcraiglk@google.es	Female	67.180.168.104
778	Jerrie	Costi	jcostill@pagesperso-orange.fr	Female	81.2.21.228
779	Lexi	Bloomfield	lbloomfieldlm@jimdo.com	Polygender	142.92.77.92
780	Benedict	Mawer	bmawerln@macromedia.com	Agender	61.166.24.8
781	Druci	Cominello	dcominellolo@ted.com	Female	86.171.232.2
782	Megan	Geratt	mgerattlp@biglobe.ne.jp	Genderfluid	93.44.159.161
783	Gottfried	De Santos	gdesantoslq@miibeian.gov.cn	Non-binary	47.117.34.87
784	Randa	Plumley	rplumleylr@parallels.com	Male	179.146.176.68
785	Bunnie	Willmott	bwillmottls@wikia.com	Bigender	107.161.124.138
786	Sauncho	Elvidge	selvidgelt@yelp.com	Non-binary	188.66.254.158
787	Emory	Dow	edowlu@un.org	Polygender	221.175.253.118
788	Doll	Ivanyukov	divanyukovlv@nature.com	Female	35.174.31.162
789	Ralina	Midgley	rmidgleylw@edublogs.org	Agender	37.111.84.187
790	Richmound	Zelland	rzellandlx@icio.us	Bigender	128.71.234.121
791	Conan	Elliff	celliffly@mashable.com	Male	20.123.70.213
792	Minni	Scotchford	mscotchfordlz@moonfruit.com	Bigender	23.0.82.48
793	Alaric	Vannuchi	avannuchim0@lulu.com	Male	108.205.21.79
794	Mary	Lougheid	mlougheidm1@geocities.jp	Polygender	184.155.207.46
795	L;urette	Snowding	lsnowdingm2@typepad.com	Genderfluid	147.193.162.84
796	Silvain	Perfitt	sperfittm3@newyorker.com	Female	0.62.65.28
797	Rori	Geertje	rgeertjem4@ca.gov	Female	124.254.18.106
798	Towney	Yetman	tyetmanm5@issuu.com	Bigender	243.190.187.214
799	Nikki	Tyler	ntylerm6@thetimes.co.uk	Agender	73.252.182.57
800	Erl	Enderwick	eenderwickm7@arizona.edu	Agender	95.209.146.109
801	Jecho	Morison	jmorisonm8@lulu.com	Genderfluid	19.91.217.22
802	Chilton	Avard	cavardm9@dyndns.org	Male	14.178.22.113
803	Willette	Stacy	wstacyma@upenn.edu	Genderfluid	94.249.43.89
804	Electra	Ruckhard	eruckhardmb@t.co	Genderfluid	99.118.194.204
805	Marven	Krysztofowicz	mkrysztofowiczmc@nifty.com	Agender	15.36.239.73
806	Sig	Issitt	sissittmd@discuz.net	Female	244.66.227.249
807	Nichole	Rehorek	nrehorekme@google.it	Agender	86.229.63.212
808	Alexa	Bosanko	abosankomf@lulu.com	Agender	240.25.114.109
809	Babette	Oswell	boswellmg@about.me	Genderqueer	229.19.244.153
810	Weylin	Alker	walkermh@reddit.com	Male	113.167.10.235
811	Khalil	Mucci	kmuccimi@google.com	Genderfluid	61.98.70.134
812	Ketti	Duck	kduckmj@dyndns.org	Genderqueer	59.185.181.192
813	Russ	Woodhouse	rwoodhousemk@nba.com	Genderfluid	167.252.58.17
814	Brenda	Dunne	bdunneml@deviantart.com	Bigender	88.131.102.141
815	Yevette	Duxbury	yduxburymm@apache.org	Polygender	20.22.135.162
816	Clarie	Scurman	cscurmanmn@pbs.org	Agender	198.42.103.176
817	Wood	Moxted	wmoxtedmo@nsw.gov.au	Bigender	193.240.169.194
818	Fawne	Rettie	frettiemp@time.com	Polygender	56.55.225.104
819	Zaccaria	Gummow	zgummowmq@dell.com	Genderqueer	27.70.10.205
820	Pansie	Hartill	phartillmr@yellowbook.com	Genderqueer	93.29.132.223
821	Reeta	Vescovo	rvescovoms@networkadvertising.org	Genderfluid	108.169.126.45
822	Ashlee	Ingliss	ainglissmt@lycos.com	Polygender	226.102.215.121
823	Lucienne	Leidecker	lleideckermu@geocities.jp	Non-binary	8.110.159.173
824	Heda	Alflat	halflatmv@walmart.com	Genderfluid	209.151.249.213
825	Joshua	Doonican	jdoonicanmw@icio.us	Polygender	53.153.180.172
826	Sig	Stormes	sstormesmx@who.int	Polygender	173.11.205.107
827	Frazer	Ten Broek	ftenbroekmy@dailymotion.com	Bigender	17.254.33.230
828	Christean	Kilgrove	ckilgrovemz@accuweather.com	Genderfluid	62.160.2.41
829	Lainey	Tiesman	ltiesmann0@tinyurl.com	Polygender	239.77.228.192
830	Anderson	Robken	arobkenn1@networksolutions.com	Male	239.236.107.249
831	Bridgette	Breeds	bbreedsn2@quantcast.com	Bigender	237.0.18.249
832	Lorin	Kidds	lkiddsn3@delicious.com	Genderqueer	43.71.187.157
833	Justina	Arsey	jarseyn4@dedecms.com	Male	197.70.14.113
834	Isahella	Sheed	isheedn5@patch.com	Bigender	229.113.94.48
835	Merle	Cousans	mcousansn6@mac.com	Genderqueer	250.3.36.100
836	Stella	Brophy	sbrophyn7@berkeley.edu	Female	10.117.190.135
837	Roxana	Asling	raslingn8@bloomberg.com	Bigender	16.31.170.64
838	Roth	Astling	rastlingn9@timesonline.co.uk	Genderqueer	50.173.51.149
839	Cassi	Fauguel	cfauguelna@ted.com	Polygender	127.61.66.108
840	Symon	Schneider	sschneidernb@springer.com	Bigender	108.84.94.167
841	August	Prys	aprysnc@unblog.fr	Male	73.176.243.110
842	Ralf	Threlfall	rthrelfallnd@webnode.com	Agender	217.49.149.215
843	Briggs	Leyland	bleylandne@wikimedia.org	Male	152.62.13.225
844	Orbadiah	Kubik	okubiknf@godaddy.com	Genderfluid	215.2.161.124
845	Hilde	Lande	hlandeng@usatoday.com	Female	118.133.221.61
846	Arron	Byart	abyartnh@discovery.com	Female	34.226.172.201
847	Joane	Liddel	jliddelni@cisco.com	Genderqueer	59.70.40.39
848	Zena	Jirick	zjiricknj@simplemachines.org	Female	218.213.79.197
849	Billy	Leeburne	bleeburnenk@paypal.com	Female	194.21.223.182
850	Janith	Avramchik	javramchiknl@360.cn	Agender	148.196.165.68
851	Kay	McKeachie	kmckeachienm@exblog.jp	Female	111.237.205.2
852	Hasty	Gaffey	hgaffeynn@dagondesign.com	Agender	110.201.229.127
853	Dyanne	Shipsey	dshipseyno@networksolutions.com	Genderqueer	16.70.220.211
854	Kristi	Dayment	kdaymentnp@pbs.org	Non-binary	86.203.10.205
855	Falito	Giacomelli	fgiacomellinq@google.com.hk	Non-binary	56.122.87.218
856	Duke	Congram	dcongramnr@cyberchimps.com	Female	205.203.227.225
857	Aurel	Fosdike	afosdikens@google.de	Polygender	17.200.180.146
858	Nonie	McIlraith	nmcilraithnt@4shared.com	Female	113.189.99.8
859	Derrick	Petrowsky	dpetrowskynu@fotki.com	Non-binary	198.107.14.100
860	Alejandro	Condon	acondonnv@ow.ly	Female	7.85.214.62
861	Phil	Goodburn	pgoodburnnw@hp.com	Agender	237.237.89.86
862	Kellsie	Besantie	kbesantienx@uiuc.edu	Genderqueer	135.117.224.253
863	Jozef	Duckworth	jduckworthny@freewebs.com	Female	60.148.239.82
864	Ceil	Jaquin	cjaquinnz@theglobeandmail.com	Non-binary	22.212.235.169
865	Waylan	Brackley	wbrackleyo0@gizmodo.com	Agender	111.82.209.175
866	Keane	Leathard	kleathardo1@timesonline.co.uk	Male	227.226.221.30
867	Ingemar	Churchward	ichurchwardo2@networkadvertising.org	Non-binary	28.177.217.163
868	Frayda	Ledington	fledingtono3@multiply.com	Bigender	46.231.208.175
869	Dotti	Squier	dsquiero4@artisteer.com	Genderfluid	94.31.4.121
870	Benny	Hensmans	bhensmanso5@google.it	Agender	171.19.225.174
871	Jarret	Peye	jpeyeo6@jimdo.com	Female	61.152.249.11
872	Carlie	Joslyn	cjoslyno7@bravesites.com	Genderfluid	37.148.55.112
873	Laura	Tamsett	ltamsetto8@fastcompany.com	Polygender	149.224.245.108
874	Becky	Bonallack	bbonallacko9@wsj.com	Genderqueer	6.66.246.49
875	Abraham	Fellis	afellisoa@plala.or.jp	Agender	249.165.220.10
876	Paule	Grinikhin	pgrinikhinob@qq.com	Agender	193.149.138.54
877	Fairlie	Ellington	fellingtonoc@ovh.net	Genderqueer	29.193.177.164
878	Alick	Shearn	ashearnod@bizjournals.com	Male	176.204.90.150
879	Jeremy	Lemme	jlemmeoe@hhs.gov	Genderqueer	198.210.29.84
880	Jacob	Cordon	jcordonof@dyndns.org	Polygender	82.146.82.88
881	Jourdan	Karel	jkarelog@homestead.com	Male	73.120.94.17
882	Maude	Poundford	mpoundfordoh@examiner.com	Genderqueer	245.10.194.73
883	Lacie	Fairfoot	lfairfootoi@newsvine.com	Genderfluid	202.241.106.167
884	Lauren	Hubback	lhubbackoj@cisco.com	Bigender	88.116.152.60
885	Caesar	Walesby	cwalesbyok@ebay.co.uk	Genderqueer	27.236.226.43
886	Ailis	Diem	adiemol@senate.gov	Non-binary	104.172.96.227
887	Kim	Kelleway	kkellewayom@csmonitor.com	Polygender	40.87.49.89
888	Clayton	Maplethorpe	cmaplethorpeon@ifeng.com	Male	249.239.79.29
889	L;urette	Nickell	lnickelloo@amazon.co.uk	Agender	188.75.210.102
890	Stephani	Campione	scampioneop@4shared.com	Non-binary	122.214.45.6
891	Engracia	Mammatt	emammattoq@flickr.com	Polygender	18.135.225.126
892	Rosene	Noone	rnooneor@prnewswire.com	Non-binary	39.235.73.140
893	Woodman	Champagne	wchampagneos@bloomberg.com	Agender	148.162.245.115
894	Sonnie	Busst	sbusstot@comcast.net	Agender	51.247.1.20
895	Shea	MacManus	smacmanusou@oaic.gov.au	Male	17.198.25.234
896	Niels	Farloe	nfarloeov@webnode.com	Polygender	58.159.233.172
897	Corbin	Rutgers	crutgersow@wordpress.com	Non-binary	220.96.219.34
898	Piggy	Wood	pwoodox@vistaprint.com	Genderfluid	160.88.175.154
899	Lanni	Presho	lpreshooy@bing.com	Male	31.186.142.13
900	Odey	Dudney	odudneyoz@europa.eu	Genderfluid	226.191.24.195
901	Laina	Percy	lpercyp0@reuters.com	Polygender	24.174.87.22
902	Vick	Bleas	vbleasp1@epa.gov	Female	17.111.110.32
903	Liane	Humblestone	lhumblestonep2@skype.com	Male	132.17.103.119
904	Timoteo	Trundle	ttrundlep3@netscape.com	Female	55.106.255.137
905	Darsie	Combe	dcombep4@ft.com	Polygender	63.35.233.190
906	Godwin	De Mattia	gdemattiap5@xinhuanet.com	Male	204.142.140.104
907	Ryun	Baynes	rbaynesp6@tumblr.com	Female	130.13.51.89
908	Korney	Uccello	kuccellop7@edublogs.org	Male	239.216.222.186
909	Scot	Parmiter	sparmiterp8@yahoo.co.jp	Genderqueer	111.245.36.17
910	Danika	Hawking	dhawkingp9@drupal.org	Male	201.25.3.93
911	Lorena	Rendall	lrendallpa@harvard.edu	Genderqueer	136.36.146.238
912	Andie	Bastistini	abastistinipb@google.es	Bigender	220.34.248.221
913	Sauveur	Waeland	swaelandpc@purevolume.com	Genderqueer	118.9.111.216
914	Haley	Drewitt	hdrewittpd@latimes.com	Agender	208.147.187.134
915	Elvira	Raatz	eraatzpe@ibm.com	Genderfluid	33.203.131.255
916	Arda	Blowing	ablowingpf@answers.com	Female	50.37.195.118
917	Carlie	Yelland	cyellandpg@sphinn.com	Female	237.27.161.219
918	Mariel	Longland	mlonglandph@upenn.edu	Male	219.137.196.82
919	Rena	Dady	rdadypi@sciencedirect.com	Male	40.81.253.52
920	Padgett	Dickey	pdickeypj@columbia.edu	Female	224.170.111.9
921	Tobey	Sadat	tsadatpk@whitehouse.gov	Female	79.224.1.255
922	Freeland	Esser	fesserpl@merriam-webster.com	Bigender	119.195.154.221
923	Shayna	McGing	smcgingpm@utexas.edu	Bigender	212.187.24.42
924	Terrance	Cromwell	tcromwellpn@google.com.au	Non-binary	148.105.13.236
925	Andrea	Gerin	agerinpo@multiply.com	Genderqueer	170.229.249.117
926	Shantee	McCahill	smccahillpp@reference.com	Bigender	206.6.242.68
927	Falkner	McKay	fmckaypq@google.com.br	Agender	30.94.164.117
928	Maison	Howton	mhowtonpr@gnu.org	Bigender	172.58.158.178
929	Matt	Bowart	mbowartps@theatlantic.com	Non-binary	124.208.9.254
930	Yetty	Oliphant	yoliphantpt@bbb.org	Genderfluid	218.96.159.7
931	Tamara	Bury	tburypu@addtoany.com	Genderqueer	195.218.155.195
932	Marj	Ruston	mrustonpv@slashdot.org	Non-binary	0.48.217.169
933	Parrnell	Ianni	piannipw@friendfeed.com	Agender	44.153.108.152
934	Jacquelyn	Colleer	jcolleerpx@homestead.com	Polygender	6.98.78.141
935	Virge	Philippart	vphilippartpy@marriott.com	Genderqueer	33.116.34.134
936	Rinaldo	Rivel	rrivelpz@trellian.com	Female	14.132.228.44
937	Cy	Buyers	cbuyersq0@fda.gov	Polygender	219.105.85.20
938	Gustaf	Geal	ggealq1@oaic.gov.au	Female	55.242.86.198
939	Kelbee	Farahar	kfaraharq2@businessinsider.com	Genderqueer	235.82.219.62
940	Kelsey	Jillins	kjillinsq3@chronoengine.com	Polygender	180.11.89.5
941	Mylo	McTavish	mmctavishq4@drupal.org	Genderqueer	62.193.74.169
942	Tore	Izhak	tizhakq5@ocn.ne.jp	Polygender	237.107.18.133
943	Garey	Sauvain	gsauvainq6@pinterest.com	Genderfluid	69.4.199.132
944	Worden	Kellock	wkellockq7@plala.or.jp	Female	244.40.25.54
945	Geneva	Teideman	gteidemanq8@yahoo.com	Female	79.247.250.204
946	Jaime	Shotboulte	jshotboulteq9@thetimes.co.uk	Polygender	142.150.184.132
947	Paloma	Morewood	pmorewoodqa@washingtonpost.com	Female	101.29.140.88
948	Mira	Pamphilon	mpamphilonqb@noaa.gov	Non-binary	157.128.130.134
949	Marylee	Cummings	mcummingsqc@wordpress.com	Male	83.117.81.104
950	Chaunce	Bindley	cbindleyqd@google.it	Male	161.249.3.216
951	Vincenz	Pitney	vpitneyqe@mozilla.com	Genderfluid	173.78.160.128
952	Fraze	Pfertner	fpfertnerqf@engadget.com	Genderfluid	6.103.222.52
953	Cristie	Iglesias	ciglesiasqg@twitpic.com	Male	9.2.56.55
954	Erina	Kinge	ekingeqh@xinhuanet.com	Non-binary	151.227.187.230
955	Erik	Kubanek	ekubanekqi@china.com.cn	Genderfluid	62.229.60.107
956	Diena	Wasiela	dwasielaqj@state.gov	Female	49.189.88.64
957	Jocelyne	Camoys	jcamoysqk@live.com	Non-binary	229.90.49.105
958	Grace	Rolston	grolstonql@goo.gl	Non-binary	100.104.170.198
959	Gerri	Ughini	gughiniqm@flickr.com	Male	57.116.224.170
960	Alexa	Heimann	aheimannqn@furl.net	Agender	126.31.11.193
961	Amby	Gerber	agerberqo@google.co.uk	Non-binary	54.20.143.146
962	Niki	Squibbs	nsquibbsqp@unesco.org	Agender	176.180.46.28
963	Cherice	Raffles	crafflesqq@yellowpages.com	Genderqueer	213.75.131.107
964	Caitrin	Fanner	cfannerqr@edublogs.org	Genderfluid	82.211.188.136
965	Ibbie	Russell	irussellqs@ezinearticles.com	Polygender	55.141.210.233
966	Ambur	O'Lenane	aolenaneqt@cocolog-nifty.com	Female	119.33.245.57
967	Steve	Iggo	siggoqu@a8.net	Agender	171.8.197.35
968	Julianne	Ginner	jginnerqv@buzzfeed.com	Genderqueer	19.216.84.13
969	Imogen	Ferrie	iferrieqw@techcrunch.com	Genderqueer	220.248.36.123
970	Coraline	Castagnasso	ccastagnassoqx@ed.gov	Polygender	73.115.166.90
971	Mar	Fleury	mfleuryqy@bbc.co.uk	Bigender	206.117.46.107
972	Emilee	Giorgeschi	egiorgeschiqz@gizmodo.com	Agender	27.254.237.130
973	Jarrad	Orme	jormer0@ucla.edu	Polygender	25.62.186.21
974	Nahum	Rentelll	nrentelllr1@sina.com.cn	Polygender	22.44.125.12
975	Imogene	Corby	icorbyr2@patch.com	Genderfluid	160.133.155.49
976	Dominique	Frostdicke	dfrostdicker3@networksolutions.com	Male	131.47.239.229
977	Tammie	Campling	tcamplingr4@blogtalkradio.com	Genderfluid	46.150.216.181
978	Delbert	Hyne	dhyner5@hao123.com	Genderfluid	50.22.13.244
979	Agneta	Guilaem	aguilaemr6@oracle.com	Genderqueer	45.219.48.200
980	Berkeley	Potteridge	bpotteridger7@soundcloud.com	Polygender	186.207.127.185
981	Fairleigh	Hatfull	fhatfullr8@imdb.com	Bigender	20.50.9.230
982	Rosanne	Blowen	rblowenr9@furl.net	Polygender	176.254.137.96
983	Ulrich	Calderwood	ucalderwoodra@geocities.com	Bigender	213.8.98.75
984	Perrine	Keyzor	pkeyzorrb@businessinsider.com	Polygender	127.115.140.135
985	Dietrich	Petzolt	dpetzoltrc@adobe.com	Bigender	254.93.143.92
986	Joy	Gaisford	jgaisfordrd@mysql.com	Genderqueer	144.141.2.225
987	Rebecka	Schulkins	rschulkinsre@salon.com	Female	98.57.204.73
988	Ida	Van Der Vlies	ivandervliesrf@dedecms.com	Male	77.131.232.207
989	Mordecai	Erdes	merdesrg@nydailynews.com	Polygender	253.253.67.104
990	Willette	Shuxsmith	wshuxsmithrh@blogger.com	Male	229.98.218.207
991	Jaime	Marnes	jmarnesri@alexa.com	Genderfluid	131.52.93.77
992	Gillan	Scroyton	gscroytonrj@nationalgeographic.com	Female	5.192.136.150
993	Alexandr	Canceller	acancellerrk@vimeo.com	Bigender	28.199.116.152
994	Jeannette	Eskriett	jeskriettrl@prweb.com	Genderfluid	235.41.213.142
995	Duff	Baford	dbafordrm@mashable.com	Genderqueer	250.166.58.178
996	Janel	Eatttok	jeatttokrn@nba.com	Female	59.197.126.152
997	Phaedra	Bartosch	pbartoschro@moonfruit.com	Genderqueer	66.255.35.129
998	Orion	Deal	odealrp@netvibes.com	Bigender	49.145.137.48
999	Gizela	Cottage	gcottagerq@microsoft.com	Genderfluid	174.20.113.233
1000	Valerie	Cottom	vcottomrr@census.gov	Agender	144.150.212.16
